{"cameraMode":{"drawMode":0,"name":"Shaded","section":"Shading Mode"},"sceneLighting":true,"audioPlay":false,"sceneViewState":{"showFog":false,"showMaterialUpdate":false,"showSkybox":false,"showFlares":false,"showImageEffects":false,"showParticleSystems":false},"in2DMode":false,"pivot":{"x":0.9211320877075195,"y":-1.5898714065551758,"z":11.674690246582032},"rotation":{"x":0.18452680110931397,"y":0.06481461971998215,"z":-0.012196483090519905,"w":0.9806120991706848},"size":16.967086791992189,"orthographic":false}